validatorName,validatorAddress,validatorAddressCompact,website,declaredFee,payoutType,payoutSchedule,minPayoutNim,minPayoutKind,notes,sourceUrl,sourceQuote,checkedAt,confidence,observedMinNim,observedP5Nim,observedSampleSize,observedCheckedAt,observedSource
$NIM_pool,NQ29 FBVT B4GM S27H UBP4 1MTC GNKQ VPBT 099M,NQ29FBVTB4GMS27HUBP41MTCGNKQVPBT099M,https://snimpool.com/,0,restake,Every 4 hours,,none,"Website DNS dead. Railway index 2026-08-05: min≈0.0008 NIM, p5≈0.013, ~37% of reward outflows <1 NIM → observed floor consistent with no fixed threshold (Inferred; not operator FAQ).",,,2026-08-05,medium,0.0008,0.0128,47937,2026-08-05,railway:/data/steakout.sqlite reward outflows
AceStaking,NQ97 H1NR S3X0 CVFQ VJ9Y 9A0Y FRQN Q6EU D0PL,NQ97H1NRS3X0CVFQVJ9Y9A0YFRQNQ6EUD0PL,https://acestaking.com,0.039,restake,Every 4 hours,,stake-based,FAQ: min based on stake (dashboard min_payout_luna). Railway: min=0.17 p5≈28.6 (wide tail) matches stake-based.,https://acestaking.com,minimum payout amount is based on your stake,2026-08-05,medium,0.172,28.5626,14519,2026-08-05,railway:/data/steakout.sqlite reward outflows
CHIPMUNK POOL,NQ32 V144 LJDN FJND NLCQ PKBU HTPF KD8G J664,NQ32V144LJDNFJNDNLCQPKBUHTPFKD8GJ664,,0.05,direct,0 */6 * * *,,unknown,"No website. Railway: n=247, 2 recipients, p5≈98 — too few recipients for a policy claim.",,,2026-08-05,low,6.9251,97.68,247,2026-08-05,railway:/data/steakout.sqlite reward outflows
FRENCH NIMIQ VALIDATOR by Ju #1,NQ40 FC4D HAT6 9N1H P52H P4FX QL8P CE6Y 10VT,NQ40FC4DHAT69N1HP52HP4FXQL8PCE6Y10VT,,0.01,restake,,,unknown,No website; stakingrewards profile has no min-payout; not found publicly,,,2026-08-05,low,,,,,
FRENCH NIMIQ VALIDATOR by Ju #2,NQ51 7BS3 0HVH 9R5M TUDH C5PG 490G S7XT KD4D,NQ517BS30HVH9R5MTUDHC5PG490GS7XTKD4D,,0.01,restake,,,unknown,No website; same operator as #1; not found publicly,,,2026-08-05,low,,,,,
Garuda Pool,NQ15 HNAH YRVH DFVM YHAG BSXG 0QHK KA0Q XDR7,NQ15HNAHYRVHDFVMYHAGBSXG0QHKKA0QXDR7,https://garudapool.com,0.03,restake,Every 12 hours,,none,"No FAQ min. Railway 2026-08-05: min≈0.005, p5≈0.032, ~27% of outflows <1 NIM → low/none floor (Inferred).",,,2026-08-05,medium,0.0053,0.0323,13347,2026-08-05,railway:/data/steakout.sqlite reward outflows
ImpactZero stake,NQ08 ACT8 T0FE PTG8 P5RL H2S3 QGXH V15R NVXY,NQ08ACT8T0FEPTG8P5RLH2S3QGXHV15RNVXY,https://nimiq.subimpact.net,0,restake,,,unknown,Website https://nimiq.subimpact.net unreachable; no Wayback; not found publicly,,,2026-08-05,low,,,,,
Keyring Staking,NQ96 X97C 94M1 6MV3 KJ0G JA5U 6VB4 6Y63 EUH4,NQ96X97C94M16MV3KJ0GJA5U6VB46Y63EUH4,https://stake.keyring.so/nimiq,0.05,restake,Every 12 hours,10,fixed,"Site: Minimum Payout 10 NIM. Railway: min≈10.00 p5≈11.04, 0% below 10 — chain confirms.",https://stake.keyring.so/nimiq,Minimum Payout 10 NIM,2026-08-05,high,10.0008,11.0373,4087,2026-08-05,railway:/data/steakout.sqlite reward outflows
Mint Pool,NQ53 M1NT S3JD TAGM CBTK 01PX YD3U B1DE GYHB,NQ53M1NTS3JDTAGMCBTK01PXYD3UB1DEGYHB,https://mintpool.io,0.05,restake,Every 3 hours,,none,"No FAQ min. Railway: min≈0.002 p5≈0.048, ~19% <1 NIM → low/none floor (Inferred).",,,2026-08-05,medium,0.0017,0.0479,53970,2026-08-05,railway:/data/steakout.sqlite reward outflows
Moon Pool,NQ98 D3KE 8EQ8 Y7DK G1MT 3P5T 2PHX 18V5 UEC1,NQ98D3KE8EQ8Y7DKG1MT3P5T2PHX18V5UEC1,,0.049,restake,,1,fixed,"No website/FAQ. Railway 2026-08-05: min≈0.47 p5≈1.06, ~0% below 1 NIM → inferred fixed ~1 NIM floor. Caption as researched/inferred sheet value; live UI also shows observed p5.",chain:reward-outflows,observed p5≈1.06 NIM (Railway index 2026-08-05),2026-08-05,medium,0.4715,1.0639,48788,2026-08-05,railway:/data/steakout.sqlite reward outflows
Nimiq Marketing Pool,NQ08 RS08 LTKL 62QL B954 S9YP 0G3R XVKM RU2Y,NQ08RS08LTKL62QLB954S9YP0G3RXVKMRU2Y,https://www.nimiqpool.es,0,restake,0 * * * *,1,fixed,"FAQ: payouts at 1 NIM. Railway: min≈1.00 p5≈1.09, 0% below 1 — chain confirms.",https://www.nimiqpool.es,payouts only occur when your accumulated rewards reach 1 NIM,2026-08-05,high,1.0003,1.087,17544,2026-08-05,railway:/data/steakout.sqlite reward outflows
Nimiq Surf,NQ51 SURF MCTM AQXM 15PA K9FX 8EEX 29BE VGH8,NQ51SURFMCTMAQXM15PAK9FX8EEX29BEVGH8,,0,unknown,,,not_applicable,Registry payoutType none — no rewards paid,,,2026-08-05,medium,33.2869,491.9,81,2026-08-05,railway:/data/steakout.sqlite reward outflows
Nimiq.Fun,NQ32 1U9X 7P3X B2H5 XA00 5LC2 5KFE VBQE X3BU,NQ321U9X7P3XB2H5XA005LC25KFEVBQEX3BU,https://nimiq.fun,0.025,direct,Every 12 hours,,none,"Site: no minimum threshold. Railway: min≈0.004, ~10% of payments <1 NIM — chain confirms.",https://nimiq.fun,no minimum threshold,2026-08-05,high,0.0037,0.3798,1683,2026-08-05,railway:/data/steakout.sqlite reward outflows
NimiqCafe Staking,NQ83 4MVH 53Q4 AL3B Q097 55GJ LUQ3 GSF0 85B7,NQ834MVH53Q4AL3BQ09755GJLUQ3GSF085B7,https://nimiq.cafe,0.03,restake,Every 1 minute,10,fixed,"Registry says “low payout threshold” without a number. Railway 2026-08-05: min=10.00 p5≈10.30, 0% below 10 → inferred fixed 10 NIM floor from observed reward outflows.",chain:reward-outflows,observed min=10.00 NIM / p5≈10.30 NIM (Railway index 2026-08-05),2026-08-05,medium,10.0,10.3007,65475,2026-08-05,railway:/data/steakout.sqlite reward outflows
NimiqHub Staking,NQ05 U1RF QJNH JCS1 RDQX 4M3Y 60KR K6CN 5LKC,NQ05U1RFQJNHJCS1RDQX4M3Y60KRK6CN5LKC,https://nimiqhub.com,0.05,restake,Every minute,,unknown,"No FAQ min. Railway: min≈95 p5≈96, only 2 distinct recipients — high observed floor but shape may not be multi-staker payouts; do not promote to fixed without operator source.",,,2026-08-05,low,95.0003,95.8891,34430,2026-08-05,railway:/data/steakout.sqlite reward outflows
NimiqPocket,NQ02 31N6 3KM5 T6G5 22TN EPF5 5XPY RLHK RMB3,NQ0231N63KM5T6G522TNEPF55XPYRLHKRMB3,https://nimiqpocket.com,0.01,restake,Payouts over 10 NIM are instant when NimiqPocket is elected .,10,fixed,"Site + registry schedule. Railway: p5≈10.03, rare dust below 10 — chain confirms.",https://nimiqpocket.com,Min Payout 10 NIM,2026-08-05,high,3.9812,10.0308,192059,2026-08-05,railway:/data/steakout.sqlite reward outflows
Nova Pool,NQ85 EA0M YF3E P9AX SM2C 58KX GD0B SXJE K2PJ,NQ85EA0MYF3EP9AXSM2C58KXGD0BSXJEK2PJ,https://www.nimiqnovapool.com,0.05,restake,,10,fixed,Wayback Apr 2025 FAQ. Live DNS dead; pool closure ~Mar 2025. No Railway outflows indexed.,https://web.archive.org/web/20250401154657/https://www.nimiqnovapool.com/,Minimum Payout is 10 Nim...,2026-08-05,high,,,,,
ObsidianStake,NQ15 5JNS U7CE RAH5 3T02 F8A9 JCT6 QMG9 7TSV,NQ155JNSU7CERAH53T02F8A9JCT6QMG97TSV,https://obsidianstake.com,0.05,direct,Every 12 hours,,none,"FAQ only min stake 100 NIM. Railway/local: min≈0.007 p5≈0.12, many sub-1 payments → effective none floor (Inferred).",,,2026-08-05,medium,0.0073,0.117,9125,2026-08-05,railway:/data/steakout.sqlite reward outflows
Private Whalidator,NQ60 GH2T VEA2 CUR5 SXAD QU9B 7ELD YMG5 5T7U,NQ60GH2TVEA2CUR5SXADQU9B7ELDYMG55T7U,,,unknown,,,not_applicable,Registry payoutType none / fee null — no rewards paid,,,2026-08-05,medium,,,,,
Ritvars Staking,NQ08 LMAK 00XK YYN9 CDXV ADVG CL0U HUBM J670,NQ08LMAK00XKYYN9CDXVADVGCL0UHUBMJ670,https://r-staking.com,0.02,restake,Every 12 hours,,none,"No FAQ min. Railway: min≈0 p5≈0.05, ~20% <1 NIM → low/none floor (Inferred).",,,2026-08-05,medium,0.0,0.0508,10194,2026-08-05,railway:/data/steakout.sqlite reward outflows
Siam Pool,NQ38 VK34 DRBL S3CN M9KM 8UJN 9JY2 2KFN VQQH,NQ38VK34DRBLS3CNM9KM8UJN9JY22KFNVQQH,https://siampool.co,0.03,restake,Every 3 hours,1,fixed,"FAQ: 1 NIM. Railway: p5≈1.07, ~0% below 1 — chain confirms.",https://www.siampool.co/faq,The minimum payout from Siam Pool is 1 NIM...,2026-08-05,high,0.8448,1.066,110188,2026-08-05,railway:/data/steakout.sqlite reward outflows
Synapse LN - Nimiq,NQ24 8V0E L24U TGQ6 KAGA 0KGY SR4F GVV1 SXNA,NQ248V0EL24UTGQ6KAGA0KGYSR4FGVV1SXNA,,0.01,restake,,,unknown,No website. Railway: n=4 only — insufficient for inference.,,,2026-08-05,low,75.2857,206.6,4,2026-08-05,railway:/data/steakout.sqlite reward outflows
Techbits Validator,NQ12 M1PJ QH7K DNAC JREU 0LD0 M4YS TQKA 751B,NQ12M1PJQH7KDNACJREU0LD0M4YSTQKA751B,,0.01,direct,,,unknown,No website in registry; not found on public web/forum,,,2026-08-05,low,,,,,
nim.re Staking Pool,NQ44 V95C ABVY RARR SBMC V8VE M6UH EJP0 RXYQ,NQ44V95CABVYRARRSBMCV8VEM6UHEJP0RXYQ,https://nim.re/pool,0.0333,restake,Every 12 hours,,none,"No FAQ min. Railway: min≈0.01 p5≈0.018, ~27% <1 NIM → low/none floor (Inferred).",,,2026-08-05,medium,0.0103,0.0179,19038,2026-08-05,railway:/data/steakout.sqlite reward outflows
